"code","name"
"01801","Gettysburg Borough"
"01802","Littlestown Borough"
"01803","McSherrystown Borough"
"01904","Abbottstown Borough"
"01905","Arendtsville Borough"
"01906","Bendersville Borough"
"01907","Berwick Township"
"01908","Biglerville Borough"
"01909","Butler Township"
"01910","Conewago Township"
"01911","Cumberland Township"
"01912","East Berlin Borough"
"01913","Fairfield Borough"
"01914","McKnightstown"
"01914","Franklin Township"
"01915","Freedom Township"
"01916","Germany Township"
"01917","Hamilton Township"
"01918","Hamiltonban Township"
"01919","Highland Township"
"01920","Huntington Township"
"01921","Latimore Township"
"01922","Liberty Township"
"01923","Menallen Township"
"01923","Aspers"
"01924","Mt. Joy Township"
"01925","Mt. Pleasant Township"
"01926","New Oxford Borough"
"01927","Oxford Township"
"01928","Reading Township"
"01929","Straban Township"
"01930","Gardners"
"01930","Tyrone Township"
"01931","Union Township"
"01932","York Springs Borough"
"01933","Bonneauville Borough"
"01934","Carroll Valley Borough"
"02001","CITY OF PITTSBURGH"
"02002","Arlington"
"02003","Banksville"
"02004","Beechview"
"02005","Beltzhoover"
"02006","Bloomfield"
"02007","Bluff"
"02008","Bon Air"
"02009","Brighton Heights"
"02010","Broadhead Fdg."
"02011","Brookline"
"02012","Brunots Island"
"02013","Carrick"
"02014","Chateau"
"02015","Chicken Hill"
"02016","Crafton Heights"
"02017","Downtown"
"02018","Duquesne Heights"
"02019","East Carnegie"
"02020","East Liberty"
"02021","Elliott"
"02022","Esplen"
"02023","Garfield"
"02024","Greenfield"
"02025","Hazelwood"
"02026","Herron Hill"
"02027","Herr's Island"
"02028","Highland"
"02029","Homewood"
"02030","Knoxville"
"02031","Larimer"
"02032","Lawrenceville"
"02033","Lincoln"
"02034","Lower Hill"
"02035","Manchester"
"02036","Middle Hill"
"02037","Morningside"
"02038","Mount Washington"
"02039","Northview Heights"
"02040","North Side"
"02041","Oakland"
"02042","Oakwood"
"02043","Penn Park"
"02044","Perry North"
"02045","Perry South"
"02046","Point Breeze"
"02047","Polish Hill"
"02048","Shadeland"
"02049","Shadyside"
"02050","Sheridan"
"02051","Soho"
"02052","South Side"
"02053","Spring Hill"
"02054","Squirrel Hill"
"02055","Stanton Heights"
"02056","St. Clair"
"02057","Troy Hill"
"02058","West End"
"02059","Westwood"
"02060","Woods Run"
"02061","31st Ward"
"02062","Allentown"
"02111","Penn Hills Township"
"02112","McKeesport"
"02113","Mt. Lebanon Township"
"02114","Ross Township"
"02115","West Mifflin Borough"
"02116","Wilkinsburg Borough"
"02117","Baldwin Borough"
"02118","Bellevue Borough"
"02119","Bethel Park Borough"
"02120","Braddock Borough"
"02121","Brentwood Borough"
"02122","Carnegie Borough"
"02123","Castle Shannon Borough"
"02124","Clairton"
"02125","Dormont Borough"
"02126","Duquesne"
"02127","Harrison Township"
"02128","McKees Rocks Borough"
"02129","Monroeville Borough"
"02130","Munhall Borough"
"02131","North Braddock Borough"
"02132","North Versailles Township"
"02133","Plum Borough"
"02134","Scott Township"
"02135","Shaler Township"
"02136","Stowe Township"
"02137","Swissvale Borough"
"02138","Turtle Creek Borough"
"02139","Whitehall Borough"
"02801","Aspinwall Borough"
"02802","Avalon Borough"
"02803","Baldwin Township"
"02804","Ben Avon Borough"
"02805","Brackenridge Borough"
"02806","Bridgeville Borough"
"02807","Cheswick Borough"
"02808","Churchill Borough"
"02809","Coraopolis"
"02810","Crafton Borough"
"02811","Crescent Township"
"02812","Dravosburg Borough"
"02813","East Deer Township"
"02814","East McKeesport Borough"
"02815","East Pittsburgh Borough"
"02816","Edgewood Borough"
"02817","Elizabeth Borough"
"02818","Emsworth Borough"
"02819","Etna Borough"
"02820","Forest Hills Borough"
"02821","Fox Chapel Borough"
"02822","Glassport Borough"
"02823","Green Tree Borough"
"02824","Homestead Borough"
"02825","Ingram Borough"
"02826","Jefferson Borough"
"02827","Kennedy Township"
"02828","Liberty Borough"
"02829","McDonald Borough"
"02830","Millvale Borough"
"02831","Mt. Oliver Borough"
"02832","Oakmont Borough"
"02833","Ohara Township"
"02834","Pitcairn Borough"
"02835","Pleasant Hills Borough"
"02836","Port Vue Borough"
"02837","Rankin Borough"
"02838","Reserve Township"
"02839","Sewickley Borough"
"02840","Sharpsburg Borough"
"02841","Springdale Borough"
"02842","Tarentum Borough"
"02843","Trafford Borough"
"02844","Verona Borough"
"02845","West Homestead Borough"
"02846","West View Borough"
"02847","White Oak Borough"
"02848","Wilkins Township"
"02849","Wilmerding Borough"
"02901","Aleppo Township"
"02902","Ben Avon Heights Borough"
"02903","Blawnox Borough"
"02904","Braddock Hills Borough"
"02905","Bradford Woods Borough"
"02906","Chalfant Borough"
"02907","Collier Township"
"02908","Edgeworth Borough"
"02909","Elizabeth Township"
"02910","Fawn Township"
"02911","Findlay Township"
"02912","Forward Township"
"02913","Franklin Park Borough"
"02914","Frazer Township"
"02915","Glenfield Borough"
"02916","Hampton Township"
"02917","Harmar Township"
"02918","Haysville Borough"
"02919","Heidelberg Borough"
"02920","Indiana Township"
"02921","Kilbuck Township"
"02922","Leet Township"
"02923","Leetsdale Borough"
"02924","Lincoln Borough"
"02925","Marshall Township"
"02926","McCandless Township"
"02927","Moon Township"
"02928","Neville Township"
"02929","North Fayette Township"
"02930","Oakdale Borough"
"02931","Ohio Township"
"02932","Osborne Borough"
"02933","Pine Township"
"02934","Richland Township"
"02935","Robinson Township"
"02936","Rosslyn Farms Borough"
"02937","Sewickley Heights Borough"
"02938","Sewickley Hills Borough"
"02939","Bell Acres Borough"
"02940","South Park Township"
"02941","South Fayette Township"
"02942","South Versailles Township"
"02943","Springdale Township"
"02944","Thornburg Borough"
"02945","Upper St. Clair Township"
"02946","Versailles Borough"
"02947","Wall Borough"
"02948","West Deer Township"
"02949","West Elizabeth Borough"
"02950","Whitaker Borough"
"02951","Pennsbury Village Borough"
"03801","Apollo Borough"
"03802","Ford City Borough"
"03803","Freeport Borough"
"03804","Kittanning Borough"
"03805","Leechburg Borough"
"03906","Applewold Borough"
"03907","Atwood Borough"
"03908","Bethel Township"
"03909","Boggs Township"
"03910","Bradys Bend Township"
"03911","Burrell Township"
"03912","Cadogan Township"
"03913","Cowanshannock Township"
"03914","Dayton Borough"
"03915","East Franklin Township"
"03916","Elderton Borough"
"03917","Ford Cliff Borough"
"03918","Gilpin Township"
"03919","Hovey Township"
"03920","Kiskiminetas Township"
"03921","Kittanning Township"
"03922","Madison Township"
"03923","Mahoning Township"
"03924","Manor Township"
"03925","Manorville Borough"
"03926","North Apollo Borough"
"03927","North Buffalo Township"
"03928","Parker City"
"03929","Parks Township"
"03930","Perry Township"
"03931","Pine Township"
"03932","Plumcreek Township"
"03933","Rayburn Township"
"03934","Redbank Township"
"03935","Rural Valley Borough"
"03936","South Bend Township"
"03937","South Bethlehem Borough"
"03938","South Buffalo Township"
"03939","Sugar Creek Township"
"03940","Valley Township"
"03941","Washington Township"
"03942","Wayne Township"
"03943","West Franklin Township"
"03944","West Kittanning Borough"
"03945","Worthington Borough"
"04001","Aliquippa Borough"
"04002","Ambridge Borough"
"04003","Beaver Falls"
"04004","Ellwood City Borough"
"04805","Baden Borough"
"04806","Beaver Borough"
"04807","Vanport Township"
"04808","Economy Borough"
"04809","Freedom Borough"
"04810","Harmony Township"
"04811","Midland Borough"
"04812","Monaca Borough"
"04813","New Brighton Borough"
"04814","Patterson Township"
"04815","Rochester Borough"
"04816","Rochester Township"
"04917","Big Beaver Borough"
"04918","Bridgewater Borough"
"04919","Brighton Township"
"04920","Center Township"
"04921","Chippewa Township"
"04922","Conway Borough"
"04923","Darlington Borough"
"04924","Darlington Township"
"04925","Daugherty"
"04926","East Rochester Borough"
"04927","Eastvale Borough"
"04928","Fallston Borough"
"04929","Frankfort Springs Borough"
"04930","Franklin Township"
"04931","Georgetown Borough"
"04932","Glasgow Borough"
"04933","Greene Township"
"04934","Hanover Township"
"04935","Homewood Borough"
"04936","Hookstown Borough"
"04937","Hopewell Township"
"04938","Independence Township"
"04939","Industry Borough"
"04940","Koppel Borough"
"04941","Marion Township"
"04942","New Galilee Borough"
"04943","New Sewickley Township"
"04944","North Sewickley Township"
"04945","Ohioville Borough"
"04946","Patterson Heights Borough"
"04947","Potter Township"
"04948","Pulaski Township"
"04949","Racoon Township"
"04950","Shipppingport Borough"
"04951","South Beaver Township"
"04952","South Heights Borough"
"04953","West Mayfield Borough"
"04954","White Township"
"05801","Bedford Borough"
"05902","Bedford Township"
"05903","Bloomfield Township"
"05904","Broad Top Township"
"05905","Coaldale Borough"
"05905","Six Mile Run"
"05906","Colerain Township"
"05907","Centerville"
"05907","Cumberland Valley Township"
"05908","Breezewood"
"05908","East Providence Township"
"05909","East St. Clair Township"
"05910","Everett Borough"
"05911","Harrison Township"
"05912","Hopewell Borough"
"05913","Hopewell Township"
"05914","Hyndman Borough"
"05915","Juniata Township"
"05916","Kimmell Township"
"05916","Queen"
"05917","King Township"
"05917","Imler"
"05918","Liberty Township"
"05919","Lincoln Township"
"05920","Londonderry Township"
"05921","Mann Township"
"05922","Manns Choice Borough"
"05923","Monroe Township"
"05924","Napier Township"
"05925","New Paris Borough"
"05926","Alum Bank"
"05926","Pleasantville Borough"
"05927","Rainsburg Borough"
"05928","Saxton Borough"
"05929","Schellsburg Borough"
"05930","Snake Spring Township"
"05931","New Enterprise"
"05931","South Woodbury Township"
"05932","Southampton Township"
"05933","St. Clairsville Borough"
"05934","Union Township"
"05935","West Providence Township"
"05936","West St. Clair Township"
"05937","Woodbury Borough"
"05938","Woodbury Township"
"06001","Reading"
"06802","Birdsboro Borough"
"06803","Boyertown Borough"
"06804","Fleetwood Borough"
"06805","Hamburg Borough"
"06806","Kenhorst Borough"
"06807","Kutztown Borough"
"06808","Laureldale Borough"
"06809","Lower Alsace Township"
"06810","Mt. Penn Borough"
"06811","Shillington Borough"
"06812","West Reading Borough"
"06813","Wyomissing Borough"
"06914","Adamstown Borough"
"06915","Albany Township"
"06916","Alsace Township"
"06917","Amity Township"
"06918","Bally Borough"
"06919","Bechtelsville Borough"
"06920","Greenvields"
"06920","Bern Township"
"06921","Bernville Borough"
"06922","Bethel Township"
"06923","Brecknock Township"
"06924","Caernarvon Township"
"06924","Morgantown"
"06925","Centerport Borough"
"06926","Centre Township"
"06927","Colebrookdale Township"
"06928","Cumru Township"
"06929","District Township"
"06930","Douglass Township"
"06931","Earl Township"
"06932","Reiffton"
"06932","Exeter Township"
"06932","Linstead"
"06933","Greenwich Township"
"06934","Heidelberg Township"
"06935","Hereford Township"
"06936","Jefferson Township"
"06937","Leesport Borough"
"06938","Lenhartsville Borough"
"06939","Longswamp Township"
"06940","Lower Heidelsberg Township"
"06941","Lyons Borough"
"06942","Maidencreek Township"
"06943","Marion Township"
"06944","Maxatawny Township"
"06945","Mohnton Borough"
"06946","Hyde Park"
"06946","River View Park"
"06946","Muhlenberg Township"
"06947","North Heidelberg Township"
"06948","Oley Township"
"06949","Ontelaunee Township"
"06950","Penn Township"
"06951","Perry Township"
"06952","Pike Township"
"06953","Richmond Township"
"06954","Robeson Township"
"06955","Robesonia Borough"
"06956","Rockland Township"
"06957","Ruscombmanor Township"
"06958","Shoemakersville Borough"
"06959","Sinking Spring Borough"
"06960","South Heidelberg Township"
"06961","Spring Township"
"06961","Whitfield"
"06961","West Wyomissing"
"06962","St. Lawrence Borough"
"06963","Strausstown Borough"
"06964","Temple Borough"
"06965","Tilden Township"
"06966","Topton Borough"
"06967","Tulpehocken Township"
"06967","Rehrersburg"
"06968","Union Township"
"06969","Shartlesville"
"06969","Upper Bern Township"
"06970","Upper Tulpehocken Township"
"06971","Washington Township"
"06972","Wernersville Borough"
"06973","West Lawn Borough"
"06974","Windsor Township"
"06975","Womelsdorf Borough"
"06976","Wyomissing Hills Borough"
"07001","Altoona"
"07001","Juniata"
"07802","Hollidaysburg Borough"
"07803","Roaring Spring Borough"
"07804","Tyrone Borough"
"07905","Allegheny Township"
"07906","Antis Township"
"07906","Tipton"
"07907","Bellwood Borough"
"07908","Blair Township"
"07909","Catharine Township"
"07910","Duncansville Borough"
"07911","Frankstown Township"
"07912","Freedom Township"
"07912","East Freedom"
"07913","Claysburg"
"07913","Greenfield Township"
"07913","Sproul"
"07914","Huston Township"
"07915","Juniata Township"
"07915","Lakemont"
"07916","Logan Township"
"07917","Martinsburg Borough"
"07918","Newry Borough"
"07919","North Woodbury Township"
"07920","Snyder Township"
"07921","Taylor Township"
"07922","Tyrone Township"
"07923","Williamsburg Borough"
"07924","Woodbury Township"
"08801","Athens Borough"
"08802","Sayre Borough"
"08803","Towanda Borough"
"08904","Alba Borough"
"08905","Albany Township"
"08906","Armenia Township"
"08907","Asylum Township"
"08908","Athens Township"
"08910","Burlington Borough"
"08911","Burlington Township"
"08912","Canton Borough"
"08913","Canton Township"
"08914","Columbia Township"
"08914","Columbia Cross Roads"
"08915","Franklin Township"
"08916","Granville Township"
"08917","Herrick Township"
"08918","Le Raysville Borough"
"08919","Le Roy Township"
"08920","Litchfield Township"
"08921","Monroe Borough"
"08921","Monroeton"
"08922","Monroe Township"
"08923","New Albany Borough"
"08924","North Towanda Township"
"08925","Orwell Township"
"08926","Overton Township"
"08927","Pike Township"
"08928","Ridgebury Township"
"08928","Bentley Creek"
"08929","Rome Borough"
"08930","Rome Township"
"08931","Sheshequin Township"
"08932","Smithfield Township"
"08933","Gillett"
"08933","South Creek Township"
"08934","South Waverly Borough"
"08935","Springfield Township"
"08936","Standing Stone Township"
"08937","Stevens Township"
"08938","Sylvania Borough"
"08939","Terry Township"
"08940","Towanda Township"
"08941","Troy Borough"
"08942","Troy Township"
"08943","Tuscarora Township"
"08944","Ulster Township"
"08944","Milan"
"08945","Warren Center"
"08945","Warren Township"
"08946","Wells Township"
"08947","West Burlington Township"
"08948","Wilmot Township"
"08949","Windham Township"
"08950","Wyalusing Borough"
"08951","Wyalusing Township"
"08951","Camptown"
"08952","Wysox Township"
"09001","Croydon"
"09001","West Bristol"
"09001","Bristol Township"
"09001","Newportville"
"09002","Falls Township"
"09002","Fairless Hills"
"09003","Middletown Township"
"09004","Andalusia"
"09004","Bensalem Township"
"09004","Eddington"
"09004","Cornwells Heights"
"09005","Bristol Borough"
"09006","Feasterville"
"09006","Lower Southampton Township"
"09007","Warminster Township"
"09808","Doylestown Borough"
"09809","Morrisville Borough"
"09810","Perkasie Borough"
"09811","Quakertown Borough"
"09812","Sellersville Borough"
"09813","Telford Borough"
"09814","Tullytown Borough"
"09915","Bedminster Township"
"09915","Kellers Church"
"09916","Bridgeton Township"
"09916","Upper Black Eddy"
"09917","Buckingham Township"
"09918","Chalfont Borough"
"09919","Doylestown Township"
"09920","Dublin Borough"
"09921","Durham Township"
"09922","East Rockhill Township"
"09923","Haycock Township"
"09924","Hilltown Township"
"09925","Hulmeville Borough"
"09926","Ivyland Borough"
"09927","Langhorne Borough"
"09928","Levittown"
"09928","Langhorne Manor Borough"
"09929","Lower Makefield Township"
"09930","Milford Township"
"09931","New Britain Borough"
"09932","New Britain Township"
"09933","New Hope Borough"
"09934","Newtown Borough"
"09935","Newtown Township"
"09936","Nockamixon Township"
"09936","Revere"
"09936","Kintnersville"
"09937","Northampton Township"
"09937","Richboro"
"09937","Holland"
"09938","Penndel Borough"
"09939","Plumstead Township"
"09939","Point Pleasant"
"09940","Richland Township"
"09941","Richlandtown Borough"
"09942","Riegelsville Borough"
"09943","Silverdale Borough"
"09944","Solebury Township"
"09945","Zionhill"
"09945","Springfield Township"
"09946","Erwinna"
"09946","Trevose"
"09946","Tinicum Township"
"09947","Trumbauersville Borough"
"09948","Upper Makefield Township"
"09949","Upper Southampton Township"
"09949","Southampton"
"09950","Warrington Township"
"09950","Neshaminy"
"09951","Warwick Township"
"09952","West Rockhill Township"
"09953","Wrightstown Township"
"09954","Yardley Borough"
"10001","Butler City"
"10802","Slippery Rock Borough"
"10803","Zelienople Borough"
"10904","Adams Township"
"10905","Allegheny Township"
"10906","Brady Township"
"10907","Bruin Borough"
"10908","Buffalo Township"
"10909","Butler Township"
"10910","Callery Borough"
"10911","Center Township"
"10912","Cherry Township"
"10913","Cherry Valley Borough"
"10914","Chicora Borough"
"10915","Clay Township"
"10916","Clearfield Township"
"10917","Clinton Township"
"10918","Concord Township"
"10919","Connoquenessing Borough"
"10920","Connoquenessing Township"
"10921","Cranbery Township"
"10922","Donegal Township"
"10923","East Butler Borough"
"10924","Eau Claire Borough"
"10925","Evans City Borough"
"10926","Fairview Borough"
"10927","Fairview Township"
"10928","Forward Township"
"10929","Franklin Township"
"10930","Harmony Borough"
"10931","Harrisville Borough"
"10932","Jackson Township"
"10933","Jefferson Township"
"10934","Karns City Borough"
"10935","Lancaster Township"
"10936","Marion Township"
"10937","Mars Borough"
"10938","Mercer Township"
"10939","Middlesex Township"
"10940","Muddy Creek Township"
"10941","Oakland Township"
"10942","Parker Township"
"10943","Penn Township"
"10944","Petrolia Borough"
"10945","Portersville Borough"
"10946","Prospect Borough"
"10947","Saxonburg Borough"
"10948","Slippery Rock Township"
"10949","Summit Township"
"10950","Valencia Borough"
"10951","Venango Township"
"10952","Washington Township"
"10953","West Liberty Borough"
"10954","West Sunbury Borough"
"10955","Winfield Township"
"10956","Worth Township"
"10957","Seven Fields Borough"
"11001","Johnstown"
"11802","Barnesboro Borough"
"11803","Cresson Borough"
"11804","Dale Borough"
"11805","East Conemaugh Borough"
"11805","Conemaugh"
"11806","Ebensburg Borough"
"11807","Ferndale Borough"
"11808","Gallitzin Borough"
"11809","Geistown Borough"
"11810","Nanty Glo Borough"
"11811","Patton Borough"
"11812","Portage Borough"
"11813","Southmont Borough"
"11814","Spangler Borough"
"11815","Stonycreek Township"
"11816","Westmont Borough"
"11917","Adams Township"
"11917","Dunlo"
"11917","Sidman"
"11918","Allegheny Township"
"11919","Ashville Borough"
"11920","Nicktown"
"11920","Barr Township"
"11921","Blacklick Township"
"11921","Twin Rocks"
"11922","Brownstown Borough"
"11923","Cambria Township"
"11923","Colver"
"11923","Revloc"
"11924","Carrolltown Borough"
"11925","Cassandra Borough"
"11926","Chest Springs Borough"
"11927","Chest Township"
"11928","Clearfield Township"
"11929","Conemaugh Township"
"11930","Cresson Township"
"11931","Croyle Township"
"11932","Daisytown Borough"
"11933","Dean Township"
"11934","East Carroll Township"
"11935","East Taylor Township"
"11936","Ehrenfeld Borough"
"11937","Elder Township"
"11938","Franklin Borough"
"11939","Gallitzin Township"
"11940","Hastings Borough"
"11941","Jackson Township"
"11942","Lilly Borough"
"11943","Lorain Borough"
"11944","Loretto Borough"
"11945","Lower Yoder Township"
"11946","Middle Taylor Township"
"11947","Munster Township"
"11948","Portage Township"
"11949","Reade Township"
"11949","Blandburg"
"11950","Richland Township"
"11951","Sankertown Borough"
"11952","Scalp Level Borough"
"11953","South Fork Borough"
"11954","Summerhill Borough"
"11955","Summerhill Township"
"11955","Beaverdale"
"11956","Susquehanna Township"
"11956","Emeigh"
"11957","Tunnelhill Borough"
"11958","Upper Yoder Township"
"11959","Vintondale Borough"
"11960","Washington Township"
"11961","West Carroll Township"
"11962","West Taylor Township"
"11963","White Township"
"11964","Wilmore Borough"
"12801","Emporium"
"12902","Driftwood Borough"
"12903","Gibson Township"
"12904","Grove Township"
"12905","Lumber Township"
"12906","Portage Township"
"12907","Shippen Township"
"13801","Jim Thorpe Borough"
"13802","Lansford Borough"
"13803","Lehighton Borough"
"13804","Palmerton Borough"
"13805","Weatherly Borough"
"13906","Junedale"
"13906","Banks Township"
"13906","Tresckow"
"13907","Beaver Meadows Borough"
"13908","Bowmanstown Borough"
"13909","East Penn Township"
"13909","Ashfield"
"13910","East Side Borough"
"13911","Franklin Township"
"13912","Lake Harmony"
"13912","Kidder Township"
"13913","Lausanne Township"
"13914","Lehigh Township"
"13915","Lower Towamensing Township"
"13915","Aquashicola"
"13916","Mahoning Township"
"13917","Mauch Chunk Township"
"13918","Packer Township"
"13919","Parryville Borough"
"13920","Penn Forest Township"
"13921","Summit Hill Borough"
"13922","Towamensing Township"
"13923","Weissport Borough"
"13924","New Columbus"
"13924","Nesquehoning Borough"
"14001","University Park"
"14001","State College Borough"
"14802","Bellefonte Borough"
"14803","Philipsburg Borough"
"14904","Benner Township"
"14905","Boggs Township"
"14906","Burnside Township"
"14907","Centre Hall Borough"
"14908","Lemont"
"14908","College Township"
"14909","Curtin Township"
"14910","Ferguson Township"
"14910","Pine Grove Mills"
"14911","Gregg Township"
"14911","Spring Mills"
"14912","Aaronsburg"
"14912","Haines Township"
"14913","Halfmoon Township"
"14914","Boalsburg"
"14914","Harris Township"
"14915","Howard Borough"
"14916","Howard Township"
"14917","Huston Township"
"14918","Liberty Township"
"14919","Marion Township"
"14920","Miles Township"
"14920","Rebersburg"
"14921","Milesburg Borough"
"14922","Millheim Borough"
"14923","Patton Township"
"14924","Coburn"
"14924","Penn Township"
"14925","Port Matilda Borough"
"14926","Potter Township"
"14927","Rush Township"
"14928","Snow Shoe Borough"
"14929","Snow Shoe Township"
"14930","South Philipsburg Borough"
"14931","Spring Township"
"14932","Taylor Township"
"14933","Union Township"
"14934","Unionville Borough"
"14935","Walker Township"
"14935","Zion"
"14936","Worth Township"
"15001","Devon"
"15001","Coatesville"
"15002","Phoenixville Borough"
"15003","West Chester Borough"
"15804","Downingtown Borough"
"15805","Kennett Square Borough"
"15806","Paoli"
"15806","Oxford Borough"
"15807","Parkesburg Borough"
"15808","Spring City Borough"
"15909","Atglen Borough"
"15910","Avondale Borough"
"15910","Berwyn"
"15911","Birmingham Township"
"15912","Caln Township"
"15912","Thorndale"
"15913","Charlestown Township"
"15914","East Bradford Township"
"15915","East Brandywine Township"
"15916","East Caln Township"
"15917","East Coventry Township"
"15918","East Fallowfield Township"
"15919","East Goshen Township"
"15920","Unionville"
"15920","East Marlborough Township"
"15921","East Nantmeal Township"
"15922","East Nottingham Township"
"15923","Kimberton"
"15923","East Pikeland Township"
"15924","East Vincent Township"
"15925","Frazer"
"15925","Exton"
"15925","Immaculate"
"15925","East Whiteland Township"
"15926","Easttown Township"
"15927","Elk Township"
"15928","Elverson Borough"
"15929","Franklin Township"
"15930","Highland Township"
"15931","Honey Brook Borough"
"15932","Honeybrook Township"
"15933","Kennett Township"
"15934","London Britain Township"
"15935","London Grove Township"
"15935","Chatham"
"15936","Londonderry Township"
"15937","Lower Oxford Township"
"15938","Malvern Borough"
"15939","Modena Borough"
"15940","New Garden Township"
"15941","New London Township"
"15942","Newlin Township"
"15943","Pottstown Landing"
"15943","North Coventry Township"
"15944","Penn Township"
"15945","Pennsbury Township"
"15946","Pocopson Township"
"15947","Sadsbury Township"
"15948","Valley Forge"
"15948","Schuylkill Township"
"15949","South Coatesville Borough"
"15950","South Coventry Township"
"15951","Thornbury Township"
"15952","Strafford"
"15952","Tredyffrin Township"
"15953","Upper Oxford Township"
"15954","Upper Uwchlan Township"
"15955","Uwchlan Township"
"15956","Valley Township"
"15957","Glenmoore"
"15957","Wallace Township"
"15958","Warwick Township"
"15959","West Bradford Township"
"15960","West Brandywine Township"
"15961","West Caln Township"
"15962","West Fallowfield Township"
"15963","West Goshen Township"
"15964","West Grove Borough"
"15965","West Marlborough Township"
"15966","West Nantmeal Township"
"15967","West Nottingham Township"
"15968","Chester Springs"
"15968","West Pikeland Township"
"15969","West Sadsbury Township"
"15970","West Vincent Township"
"15971","West Whiteland Township"
"15972","Westtown Township"
"15973","Willistown Township"
"16801","Clarion Borough"
"16902","Ashland Township"
"16903","Beaver Township"
"16904","Brady Township"
"16905","Callensburg Borough"
"16906","Clarion Township"
"16907","East Brady Borough"
"16908","Elk Township"
"16909","Crown"
"16909","Farmington Township"
"16910","Foxburg Borough"
"16911","Hawthorne Borough"
"16912","Highland Township"
"16913","Knox Borough"
"16914","Knox Township"
"16915","Licking Township"
"16916","Limestone Township"
"16917","Madison Township"
"16918","Millcreek Township"
"16919","Monroe Township"
"16919","Williamsburg"
"16920","New Bethlehem Borough"
"16921","Paint Township"
"16922","Perry Township"
"16922","Parkers Landing"
"16923","Piney Township"
"16924","Porter Township"
"16925","Redbank Township"
"16925","Mayport"
"16926","Richland Township"
"16927","Rimersburg Borough"
"16928","Salem Township"
"16929","Shippenville Borough"
"16930","Sligo Borough"
"16931","St. Petersburg Borough"
"16932","Strattanville Borough"
"16933","Toby Township"
"16934","Washington Township"
"16934","Lickingville"
"17001","Du Bois"
"17802","Clearfield Borough"
"17803","Curwensville Borough"
"17904","Beccaria Township"
"17905","Bell Township"
"17906","Madera"
"17906","Bigler Township"
"17907","Bloom Township"
"17908","Boggs Township"
"17908","West Decatur"
"17909","Bradford Township"
"17909","Bigler Borough"
"17910","Brady Township"
"17911","Brisbin Borough"
"17912","Burnside Borough"
"17913","Burnside Township"
"17914","Chest Township"
"17915","Chester Hill Borough"
"17916","Coalport Borough"
"17917","Lanse"
"17917","Cooper Township"
"17917","Grassflat"
"17917","Winburne"
"17917","Drifting"
"17918","Covington Township"
"17919","Decatur Township"
"17920","Falls Creek Borough"
"17921","Ferguson Township"
"17922","Girard Township"
"17922","Lecontes Mills"
"17923","Glen Hope Borough"
"17924","Goshen Township"
"17925","Graham Township"
"17926","Grampian Borough"
"17927","Greenwood Township"
"17928","Gulich Township"
"17929","Houtzdale Borough"
"17930","Huston Township"
"17931","Irvona Borough"
"17932","Jordan Township"
"17933","Karthaus Township"
"17934","Knox Township"
"17935","Lawrence Township"
"17936","Lumber City Borough"
"17937","Mahaffey Borough"
"17938","Morris Township"
"17939","New Washington Borough"
"17940","Newburg Borough"
"17941","Osceola Borough"
"17942","Penn Township"
"17943","Pike Township"
"17944","Pine Township"
"17945","Ramey Borough"
"17946","Sandy Township"
"17947","Troutville Borough"
"17948","Rockton"
"17948","Union Township"
"17949","Wallaceton Borough"
"17950","Westover Borough"
"17951","Woodward Township"
"18001","Lock Haven"
"18802","Renovo Borough"
"18903","Allison Township"
"18904","Avis Borough"
"18905","Bald Eagle Township"
"18906","Beech Creek Borough"
"18907","Beech Creek Township"
"18908","Castanea Township"
"18909","Chapman Township"
"18909","North Bend"
"18910","Colebrook Township"
"18911","Crawford Township"
"18912","Dunnstable Township"
"18913","East Keating Township"
"18914","Flemington Borough"
"18915","Gallagher Township"
"18916","Greene Township"
"18917","Grugan Township"
"18918","Lamar Township"
"18919","Tamarack"
"18919","Drury"
"18919","Leidy Township"
"18920","Logan Township"
"18921","Loganton Borough"
"18922","Mill Hall Borough"
"18923","West Renovo"
"18923","Noyes Township"
"18924","Woolrich"
"18924","Pine Creek Township"
"18925","Porter Township"
"18925","Lamar"
"18926","South Renovo Borough"
"18927","McElhattan"
"18927","Wayne Township"
"18928","West Keating Township"
"18929","Woodward Township"
"19001","Berwick Borough"
"19002","Bloomsburg Town Borough"
"19803","Ashland Borough"
"19904","Beaver Township"
"19905","Benton Borough"
"19906","Benton Township"
"19907","Briar Creek Borough"
"19908","Briar Creek Township"
"19908","Evansville"
"19909","Catawissa Borough"
"19910","Catawissa Township"
"19911","Centralia Borough"
"19912","Cleveland Township"
"19913","Conyngham Township"
"19913","Wilburton"
"19914","Fishing Creek Township"
"19915","Franklin Township"
"19916","Greenwood Township"
"19917","Hemlock Township"
"19918","Jackson Township"
"19919","Numidia"
"19919","Locust Township"
"19920","Madison Township"
"19921","Main Township"
"19921","Mainville"
"19922","Mifflin Township"
"19923","Millville Borough"
"19924","Montour Township"
"19925","Mt. Pleasant Township"
"19926","North Centre Township"
"19927","Orange Township"
"19928","Orangeville Borough"
"19929","Pine Township"
"19930","Roaring Creek Township"
"19931","Lightstreet"
"19931","Carroll Park"
"19931","Scott Township"
"19932","South Centre Township"
"19933","Stillwater Borough"
"19934","Sugarloaf Township"
"20001","Meadville"
"20802","Titusville"
"20903","Athens Township"
"20904","Beaver Township"
"20905","Bloomfield Township"
"20906","Blooming Valley Borough"
"20907","Cambridge Springs Borough"
"20908","Cambridge Township"
"20909","Centerville Borough"
"20910","Cochranton Borough"
"20911","Conneaut Lake Borough"
"20912","Conneaut Township"
"20913","Conneautville Borough"
"20914","Cussewago Township"
"20915","East Fairfield Township"
"20916","East Fallowfield Township"
"20916","Atlantic"
"20917","East Mead Township"
"20918","Fairfield Township"
"20919","Greenwood Township"
"20920","Hayfield Township"
"20921","Hydetown Borough"
"20922","Linesville Borough"
"20923","North Shenango Township"
"20923","Espyville"
"20924","Oil Creek Township"
"20925","Pine Township"
"20926","Guys Mills"
"20926","Randolph Township"
"20927","Richmond Township"
"20928","Rockdale Township"
"20929","Rome Township"
"20930","Sadsbury Township"
"20931","Saegertown Borough"
"20932","South Shenango Township"
"20933","Sparta Township"
"20934","Spartansburg Borough"
"20935","Spring Township"
"20936","Springboro Borough"
"20937","Steuben Township"
"20938","Summerhill Township"
"20939","Summit Township"
"20940","Townville Borough"
"20941","Troy Township"
"20942","Union Township"
"20943","Venango Borough"
"20944","Venango Township"
"20945","Vernon Township"
"20946","Wayne Township"
"20947","West Fallowfield Township"
"20948","West Mead Township"
"20949","West Shenango Township"
"20950","Woodcock Borough"
"20951","Woodcock Township"
"21001","Carlisle Borough"
"21802","Camp Hill Borough"
"21803","Lemoyne Borough"
"21804","Mechanicsburg Borough"
"21805","New Cumberland Borough"
"21806","Shippensburg Borough"
"21907","Cooke Township"
"21908","Dickinson Township"
"21909","East Pennsboro Township"
"21909","Enola"
"21910","Hampden Township"
"21911","Hopewell Township"
"21912","Lower Allen Township"
"21913","Lower Frankford Township"
"21914","Lower Mifflin Township"
"21915","Middlesex Township"
"21915","New Kingston"
"21916","Monroe Township"
"21916","Williams Grove"
"21917","Mt. Holly Springs Borough"
"21918","Newburg Borough"
"21919","Newville Borough"
"21920","North Middleton Township"
"21921","North Newton Township"
"21922","Penn Township"
"21923","Shippensburg Township"
"21924","Shiremanstown Borough"
"21925","Silver Spring Township"
"21926","Boiling Springs"
"21926","South Middleton Township"
"21927","South Newton Township"
"21928","Southampton Township"
"21929","Upper Allen Township"
"21930","Upper Frankford Township"
"21931","Upper Mifflin Township"
"21932","West Fairview Borough"
"21933","Plainfield"
"21933","West Pennsboro Township"
"21934","Wormleysburg Borough"
"22001","Harrisburg"
"22002","Middletown Borough"
"22003","Steelton Borough"
"22804","Highspire Borough"
"22805","Hummelstown Borough"
"22806","Lykens Borough"
"22807","Millersburg Borough"
"22808","Penbrook Borough"
"22909","Berrysburg Borough"
"22910","Conewago Township"
"22911","Dauphin Borough"
"22912","Hershey"
"22912","Derry Township"
"22913","East Hanover Township"
"22913","Grantville"
"22914","Elizabethville Borough"
"22915","Gratz Borough"
"22916","Halifax Borough"
"22917","Halifax Township"
"22918","Jackson Township"
"22919","Jefferson Township"
"22920","Londonderry Township"
"22921","Lower Paxton Township"
"22922","Lower Swatara Township"
"22923","Lykens Township"
"22924","Middle Paxton Township"
"22925","Mifflin Township"
"22926","Paxtang Borough"
"22927","Reed Township"
"22928","Royalton Borough"
"22929","Rush Township"
"22930","South Hanover Township"
"22931","Susquehanna Township"
"22932","Swatara Township"
"22933","Pillow Borough"
"22934","Upper Paxton Township"
"22935","Washington Township"
"22936","Wayne Township"
"22937","West Hanover Township"
"22938","Wiconisco Township"
"22939","Williams Township"
"22940","Williamstown Borough"
"23001","Chester"
"23002","Haverford Township"
"23002","Havertown"
"23003","Upper Darby Township"
"23003","Drexel Hills"
"23004","Holmes"
"23004","Ridley Township"
"23004","Crum Lynne"
"23005","Springfield Township"
"23006","Aston Township"
"23007","Collingdale Borough"
"23008","Darby Borough"
"23009","Darby Township"
"23010","Lansdowne Borough"
"23011","Marple Township"
"23011","Broomall"
"23012","Nether Providence Township"
"23012","Wallingford"
"23013","Radnor Township"
"23013","Rosemont"
"23013","Saint Davids"
"23013","Villanova"
"23014","Yeadon Borough"
"23815","Aldan Borough"
"23816","Brookhaven Borough"
"23817","Chester Township"
"23818","Clifton Heights Borough"
"23819","Colwyn Borough"
"23820","East Lansdowne Borough"
"23821","Eddystone Borough"
"23822","Folcroft Borough"
"23823","Glenolden Borough"
"23824","Linwood"
"23824","Lower Chichester Township"
"23825","Marcus Hook Borough"
"23826","Media Borough"
"23827","Norwood Borough"
"23828","Prospect Park Borough"
"23829","Ridley Park Borough"
"23830","Sharon Hill Borough"
"23831","Swarthmore Borough"
"23832","Upland Borough"
"23833","Boothwyn"
"23833","Upper Chichester Township"
"23834","Upper Providence Township"
"23935","Bethel Township"
"23936","Birmingham Township"
"23937","Chester Heights Borough"
"23938","Concord Township"
"23939","Edgemont Township"
"23940","Elwyn"
"23940","Middletown Township"
"23941","Millbourne Borough"
"23942","Morton Borough"
"23943","Newtown Square"
"23943","Newtown Township"
"23944","Parkside Borough"
"23945","Rose Valley Borough"
"23946","Secane"
"23946","Rutledge Borough"
"23947","Glen Mills"
"23947","Thornbury Township"
"23948","Tinicum Township"
"23948","Essington"
"23949","Trainer Borough"
"24801","Johnsonburg Borough"
"24802","Ridgway Borough"
"24803","St. Marys Borough"
"24904","Benezette Township"
"24905","Benzinger Township"
"24906","Kersey"
"24906","Fox Township"
"24907","Highland Township"
"24908","Hydes"
"24908","Brockport"
"24908","Horton Township"
"24909","Jay Township"
"24909","Weedville"
"24910","Wilcox"
"24910","Jones Township"
"24911","Millstone Township"
"24912","Ridgway Township"
"24913","Spring Creek Township"
"25001","Erie"
"25002","Millcreek Township"
"25803","Corry"
"25804","Girard Borough"
"25805","Lawrence Park Township"
"25806","North East Borough"
"25807","Union City Borough"
"25808","Wesleyville Borough"
"25909","Albion Borough"
"25910","Amity Township"
"25911","Concord Township"
"25912","Lundys Lane"
"25912","Conneaut Township"
"25913","Cranesville Borough"
"25915","Edinboro Borough"
"25916","Elgin Borough"
"25917","Elk Creek Township"
"25918","Fairview Borough"
"25919","Fairview Township"
"25920","Franklin Corners"
"25920","Franklin Township"
"25921","Girard Township"
"25922","Greene Township"
"25923","Greenfield Township"
"25924","Harbor Creek Township"
"25925","Lake City Borough"
"25926","Le Boeuf Township"
"25927","McKean Township"
"25928","McKean Borough"
"25929","Mill Village Borough"
"25930","North East Township"
"25931","Platea Borough"
"25932","East Springfield Borough"
"25932","Springfield Township"
"25933","Summit Township"
"25934","Union Township"
"25935","Venango Township"
"25936","Lake Pleasant"
"25936","Washington Township"
"25937","Waterford Borough"
"25938","Waterford Township"
"25939","Wattsburg Borough"
"25940","Wayne Township"
"26001","Connellsville"
"26002","Uniontown"
"26803","Brownsville Borough"
"26804","Masontown Borough"
"26805","South Connellsville Borough"
"26906","Belle Vernon Borough"
"26907","Brownsville Township"
"26908","Bullskin Township"
"26909","Connellsville Township"
"26910","Dauson Borough"
"26911","Dunbar Borough"
"26912","Dunbar Township"
"26913","Everson Borough"
"26914","Fairchance Borough"
"26915","Fayette City Borough"
"26916","Franklin Township"
"26917","Georges Township"
"26918","German Township"
"26919","Henry Clay Township"
"26920","Jefferson Township"
"26921","Lower Tyrone Township"
"26922","Luzerne Township"
"26923","Markleysburg Borough"
"26924","Menallen Township"
"26925","Newell Borough"
"26926","Nicholson Township"
"26927","North Union Township"
"26928","Ohiopyle Borough"
"26929","Perry Township"
"26930","Perryopolois Borough"
"26931","Point Marion Borough"
"26932","Redstone Township"
"26933","Saltlick Township"
"26934","Smithfield Borough"
"26935","South Union Township"
"26936","Springfield Township"
"26937","Springhill Township"
"26938","Stewart Township"
"26939","Upper Tyrone Township"
"26940","Vanderbilt Borough"
"26941","Washington Township"
"26942","Wharton Township"
"27901","Barnett Township"
"27902","Green Township"
"27903","Harmony Township"
"27904","Hickory Township"
"27904","Endeavor"
"27905","Howe Township"
"27906","Jenks Township"
"27906","Marienville"
"27907","Kingsley Township"
"27908","Tionesta Borough"
"27909","Tionesta Township"
"28001","Chambersburg Borough"
"28002","Waynesboro Borough"
"28803","Greencastle Borough"
"28804","Shippensburg Borough"
"28905","Antrim Township"
"28906","Dry Run"
"28906","Fannett Township"
"28907","Greene Township"
"28907","Scotland"
"28908","Marion"
"28908","Guilford Township"
"28909","Hamilton Township"
"28910","Letterkenny Township"
"28910","Pleasant Hall"
"28911","Lurgan Township"
"28912","Mercersburg Borough"
"28913","Metal Township"
"28914","Mont Alto Borough"
"28915","Montgomery Township"
"28916","Orrstown Borough"
"28917","Peters Township"
"28918","Quincy Township"
"28918","South Mountain"
"28919","Southampton Township"
"28920","St. Thomas Township"
"28921","Warren Township"
"28922","Washington Township"
"28922","Blue Ridge Summit"
"29901","Ayr Township"
"29901","Big Cove Tannery"
"29902","Belfast Township"
"29902","Needmore"
"29903","Bethel Township"
"29904","Brush Creek Township"
"29905","Dublin Township"
"29906","Licking Creek Township"
"29907","McConnellsburg Borough"
"29908","Taylor Township"
"29908","Waterfall"
"29909","Thompson Township"
"29910","Todd Township"
"29911","Union Township"
"29912","Wells Township"
"30801","Waynesburg Borough"
"30902","Aleppo Township"
"30903","Carmichaels Borough"
"30904","Center Township"
"30905","Clarksville Borough"
"30906","Cumberland Township"
"30907","Dunkard Township"
"30908","Franklin Township"
"30909","Freeport Township"
"30910","Gilmore Township"
"30911","Gray Township"
"30912","Greene Township"
"30913","Greensboro Borough"
"30914","Jackson Township"
"30915","Jefferson Borough"
"30916","Jefferson Township"
"30917","Monongahela Township"
"30918","Morgan Township"
"30919","Morris Township"
"30920","Perry Township"
"30921","Rices Landing Borough"
"30922","Rich Hill Township"
"30923","Springhill Township"
"30924","Washington Township"
"30925","Wayne Township"
"30926","Whitely Township"
"31801","Huntingdon Borough"
"31802","Mount Union Borough"
"31903","Alexandria Borough"
"31904","Barree Township"
"31905","Birmingham Borough"
"31906","Brady Township"
"31907","Broad Top City Borough"
"31908","Carbon Township"
"31909","Cass Township"
"31910","Cassville Borough"
"31911","Clay Township"
"31912","Coalmont Borough"
"31913","Cromwell Township"
"31914","Dublin Township"
"31914","Neelyton"
"31915","Dudley Borough"
"31916","Franklin Township"
"31917","Henderson Township"
"31918","Hopewell Township"
"31919","Jackson Township"
"31920","Juniata Township"
"31921","Lincoln Township"
"31922","Logan Township"
"31923","Mapleton Borough"
"31924","Marklesburg Borough"
"31925","Mill Creek Borough"
"31926","Miller Township"
"31927","Morris Township"
"31928","Oneida Township"
"31929","Orbisonia Borough"
"31930","Penn Township"
"31930","Aitch"
"31931","Petersburg Borough"
"31932","Porter Township"
"31932","Barree"
"31933","Rockhill Borough"
"31934","Saltillo Borough"
"31935","Shade Gap Borough"
"31936","Shirley Township"
"31937","Shirleysburg Borough"
"31938","Smithfield Township"
"31939","Springfield Township"
"31940","Spruce Creek Township"
"31941","Tell Township"
"31942","Three Springs Borough"
"31943","Tod Township"
"31944","Union Township"
"31944","Calvin"
"31945","Walker Township"
"31946","Warriors Mark Township"
"31947","West Township"
"31948","Wood Township"
"31948","Robertsdale"
"32001","Indiana Borough"
"32802","Blairsville Borough"
"32803","Homer City Borough"
"32904","Armagh Borough"
"32905","Armstrong Township"
"32906","Banks Township"
"32907","Black Lick Township"
"32908","Brush Valley Township"
"32909","Buffington Township"
"32910","Burrell Township"
"32911","Canoe Township"
"32912","Center Township"
"32913","Cherry Tree Borough"
"32914","Cherry Hill Township"
"32915","Clymer Borough"
"32916","Conemaugh Township"
"32917","Creekside Borough"
"32918","East Mahoning Township"
"32919","East Wheatfield Township"
"32920","Glen Campbell Borough"
"32921","Grant Township"
"32922","Green Township"
"32923","Jacksonville Borough"
"32924","Marion Center Borough"
"32925","Montgomery Township"
"32926","North Mahoning Township"
"32927","Pine Township"
"32928","Plumville Borough"
"32929","Rayne Township"
"32930","Saltsburg Borough"
"32931","Shelocta Borough"
"32932","Smicksburg Borough"
"32933","South Mahoning Township"
"32934","Washington Township"
"32935","West Mahoning Township"
"32936","West Wheatfield Township"
"32937","White Township"
"32938","Young Township"
"32939","Ernest"
"33801","Brockway Borough"
"33802","Brookville Borough"
"33803","Punxsutawney Borough"
"33804","Reynoldsville Borough"
"33905","Barnett Township"
"33906","Beaver Township"
"33907","Bell Township"
"33908","Big Run Borough"
"33909","Clover Township"
"33909","Baxter"
"33910","Corsica Borough"
"33911","Eldred Township"
"33912","Falls Creek Borough"
"33913","Gaskill Township"
"33914","Heath Township"
"33915","Henderson Township"
"33916","Knox Township"
"33917","McCalmont Township"
"33918","Oliver Township"
"33918","Coolspring"
"33919","Perry Township"
"33920","Pine Creek Township"
"33921","Polk Township"
"33922","Porter Township"
"33923","Ringgold Township"
"33924","Rose Township"
"33925","Snyder Township"
"33926","Summerville Borough"
"33927","Sykesville Borough"
"33928","Timblin Borough"
"33929","Union Township"
"33930","Warsaw Township"
"33931","Washington Township"
"33932","Winslow Township"
"33933","Worthville Borough"
"33934","Walston"
"33934","Young Township"
"33934","De Lancey"
"34901","Beale Township"
"34902","Delaware Township"
"34903","Fayette Township"
"34904","Fermanagh Township"
"34905","Greenwood Township"
"34906","Cross Keys"
"34906","Lack Township"
"34906","Perulack"
"34907","Mifflin Borough"
"34908","Mifflintown Borough"
"34909","Milford Township"
"34910","Richfield"
"34910","Monroe Township"
"34911","Port Royal Borough"
"34912","Spruce Hill Township"
"34913","Susquehanna Township"
"34914","Thompsontown Borough"
"34915","Turbett Township"
"34916","Honey Grove"
"34916","Tuscarora Township"
"34916","East Waterford"
"34917","Walker Township"
"35001","Scranton"
"35002","Carbondale"
"35003","Dunmore Borough"
"35804","Archbald Borough"
"35805","Peckville"
"35805","Blakely Borough"
"35806","Clarks Summit Borough"
"35807","Dickson City Borough"
"35808","Jermyn Borough"
"35809","Moosic Borough"
"35810","Old Forge Borough"
"35811","Olyphant Borough"
"35812","Taylor Borough"
"35813","Throop Borough"
"35814","Jessup Borough"
"35814","Winton"
"35915","Waverly"
"35915","Abington Township"
"35916","Benton Township"
"35917","Carbondale Township"
"35918","Clarks Green Borough"
"35919","Clifton Township"
"35920","Covington Township"
"35920","Daleville"
"35921","Dalton Borough"
"35922","Elmhurst Township"
"35923","Fell Township"
"35923","Simpson"
"35924","Glenburn Township"
"35925","Greenfield Township"
"35926","Jefferson Township"
"35927","Laplume Township"
"35928","Lehigh Township"
"35929","Madison Township"
"35929","Madisonville"
"35930","Mayfield Borough"
"35931","Moscow Borough"
"35932","Newton Township"
"35933","North Abington Township"
"35934","Ransom Township"
"35935","Roaring Brook Township"
"35936","Scott Township"
"35937","South Abington Township"
"35937","Chinchilla"
"35938","Spring Brook Township"
"35939","Vandling Borough"
"35940","West Abington Township"
"36001","Lancaster"
"36002","Columbia Borough"
"36803","Elizabethtown Borough"
"36804","Ephrata Borough"
"36805","Lancaster Township"
"36806","Lititz Borough"
"36807","Manheim Borough"
"36808","Millersville Borough"
"36809","Mt. Joy Borough"
"36810","New Holland Borough"
"36911","Adamstown Borough"
"36912","Akron Borough"
"36913","Bart Township"
"36914","Brecknock Township"
"36915","Caernarvon Township"
"36916","Christiana Borough"
"36917","Clay Township"
"36918","Colerain Township"
"36919","Conestoga Township"
"36920","Bainbridge"
"36920","Conoy Township"
"36921","Denver Borough"
"36922","Drumore Township"
"36923","Earl Township"
"36924","East Cocalico Township"
"36925","Maytown"
"36925","East Donegal Township"
"36926","East Drumore Township"
"36927","East Earl Township"
"36927","Blue Ball"
"36928","East Hempfield Township"
"36928","Landisville"
"36929","East Lampeter Township"
"36930","East Petersburg Borough"
"36931","Eden Township"
"36932","Elizabeth Township"
"36933","Ephrata Township"
"36934","Fulton Township"
"36935","Leacock Township"
"36936","Little Britain Township"
"36937","Manheim Township"
"36938","Manor Township"
"36939","Marietta Borough"
"36940","Martic Township"
"36940","Pequea"
"36941","Mountville Borough"
"36942","Mt. Joy Township"
"36943","Paradise Township"
"36944","Penn Township"
"36945","West Willow"
"36945","Pequea Township"
"36946","Provident Township"
"36947","Quarryville Borough"
"36948","Rapho Township"
"36949","Sadsbury Township"
"36950","Gap"
"36950","Salisbury Township"
"36951","Strasburg Borough"
"36952","Strasburg Township"
"36953","Terre Mill Borough"
"36954","Leacock"
"36954","Leola"
"36954","Upper Leacock Township"
"36955","Warwick Township"
"36956","Washington Borough"
"36957","West Cocalico Township"
"36958","West Donegal Township"
"36959","West Earl Township"
"36960","Siver Spring"
"36960","West Hempfield Township"
"36961","West Lampeter Township"
"36961","Willow Street"
"37001","New Castle"
"37002","Ellwood City Borough"
"37903","Bessemer Borough"
"37904","New Beaver Borough"
"37905","Ellport Borough"
"37906","Enon Valley Borough"
"37907","Hickory Township"
"37908","Little Beaver Township"
"37909","Mahoning Township"
"37910","Nechannock Township"
"37911","New Wilmington Borough"
"37912","North Beaver Township"
"37913","Perry Township"
"37914","Plain Grove Township"
"37915","Pulaski Township"
"37916","Scott Township"
"37917","Shenango Township"
"37918","Slippery Rock Township"
"37919","South New Castle Borough"
"37920","Taylor Township"
"37921","Union Township"
"37922","Volant Borough"
"37923","Wampum Borough"
"37924","Washington Township"
"37925","Wayne Township"
"37926","Wilmington Township"
"37927","SNPJ Boro"
"38001","Lebanon Borough"
"38802","Annville Township"
"38803","Myerstown Borough"
"38804","Palmyra Borough"
"38905","Bethel Township"
"38905","Fredericksburg"
"38906","Cleona Borough"
"38907","Cold Spring Township"
"38908","Cornwall Borough"
"38908","Rexmont"
"38909","Ono"
"38909","East Hanover Township"
"38910","Heidelburg Township"
"38910","Schaefferstown"
"38911","Jackson Township"
"38912","Jonestown Borough"
"38913","Newmanstown"
"38913","Millcreek Township"
"38914","Mt. Gretna Borough"
"38915","North Annville Township"
"38916","North Cornwall Township"
"38917","North Lebanon Township"
"38918","North Londonberry Township"
"38919","Richland Borough"
"38920","South Annville Township"
"38921","South Lebanon Township"
"38922","Campbelltown"
"38922","South Londonderry Township"
"38923","Swatara Township"
"38924","Union Township"
"38924","Lickdale"
"38924","Indiantown Gap"
"38925","West Cornwall Township"
"38926","West Lebanon Township"
"39001","Allentown"
"39002","Bethlehem"
"39003","Emmaus Borough"
"39804","Catasauqua Borough"
"39805","Coplay Borough"
"39806","Fountain Hill Borough"
"39807","Saltington Borough"
"39908","Alburtis Borough"
"39909","Coopersburg Borough"
"39910","Hanover Township"
"39911","Germansville"
"39911","Heidelberg Township"
"39912","East Texas"
"39912","Lower Macungie Township"
"39912","Wescoesville"
"39913","Limeport"
"39913","Lower Milford Township"
"39914","Lowhill Township"
"39915","Lynn Township"
"39915","New Tripoli"
"39915","Lynnport"
"39916","Macungie Borough"
"39917","North Whitehall Township"
"39918","Salisbury Township"
"39919","South Whitehall Township"
"39920","Trexlertown"
"39920","Fogelville"
"39920","Upper Macungie Township"
"39921","Upper Milford Township"
"39922","Upper Saucon Township"
"39923","Washington Township"
"39923","Slatedale"
"39924","Weisenberg Township"
"39925","Egypt"
"39925","Whitehall Township"
"40001","Parsons"
"40001","Wilkes Barre"
"40002","Hazleton"
"40003","Kingston Borough"
"40004","Nanticoke"
"40005","Pittston"
"40006","Plymouth Borough"
"40807","Ashley Borough"
"40808","Avoca Borough"
"40809","Dallas Borough"
"40810","Dupont Borough"
"40811","Duryea Borough"
"40812","Edwardsville Borough"
"40813","Exeter Borough"
"40814","Forty Fort Borough"
"40815","Freeland Borough"
"40816","Larksville Borough"
"40817","Luzerne Borough"
"40818","Swoyersville Borough"
"40819","West Hazelton Borough"
"40820","West Pittston Borough"
"40821","West Wyoming Borough"
"40822","Hudson"
"40822","Wilkes Barre Township"
"40823","Wyoming Borough"
"40924","Bear Creek Township"
"40925","Black Creek Township"
"40925","Fern Glen"
"40925","Weston"
"40926","Buck Township"
"40927","Drums"
"40927","Butler Township"
"40928","Conyngham Borough"
"40929","Moconaqua"
"40929","Conyngham Township"
"40930","Courtdale Borough"
"40931","Dallas Township"
"40932","Dennison Township"
"40933","Dorrance Township"
"40934","Exeter Township"
"40934","Harding"
"40935","Fairmont Township"
"40936","Fairview Township"
"40936","Mt. Top"
"40937","Foster Township"
"40938","Franklin Township"
"40939","Askam"
"40939","Hanover Township"
"40940","Hazle Township"
"40941","Hollenback Township"
"40942","Hughestown Borough"
"40943","Hunlock Creek"
"40943","Hunlock Township"
"40944","Huntington"
"40945","Jackson Township"
"40946","Jeddo Borough"
"40947","Jenkins Township"
"40948","Kingston Township"
"40948","Trucksville"
"40949","Laflin Borough"
"40950","Lake Township"
"40951","Laurel Run Borough"
"40952","Lehman Township"
"40953","Nescopeck Borough"
"40954","Nescopeck Township"
"40955","New Columbus Borough"
"40956","Newport Township"
"40957","Nuangola Borough"
"40958","Browntown"
"40958","Pittston Township"
"40959","Plains Township"
"40960","Plymouth Township"
"40961","Pringle Borough"
"40962","Rice Township"
"40963","Sweet Valley"
"40963","Ross Township"
"40964","Salem Township"
"40965","Shickshinny Borough"
"40966","Slocum Township"
"40967","Sugarloaf Township"
"40968","Sugar Notch Borough"
"40969","Union Township"
"40970","Warrior Run Borough"
"40971","White Haven Borough"
"40972","Wright Township"
"40973","Yatesville Borough"
"40974","Harveys Lake Borough"
"41001","Williamsport Borough"
"41802","Jersey Shore Borough"
"41803","Montoursville Borough"
"41804","Muncy Borough"
"41805","South Williamsport Borough"
"41906","Anthony Township"
"41907","Armstrong Township"
"41908","Bastress Township"
"41909","Brady Township"
"41910","Brown Township"
"41911","Cascade Township"
"41912","Clinton Township"
"41913","Cogan House Township"
"41914","Cummings Township"
"41915","Duboistown Borough"
"41916","Eldred Township"
"41917","Fairfield Township"
"41918","Franklin Township"
"41919","Gamble Township"
"41920","Hepburn Township"
"41921","Hughesville Borough"
"41922","Jackson Township"
"41923","Jordan Township"
"41923","Unityville"
"41924","Bodine"
"41924","Lewis Township"
"41924","Trout Run"
"41925","Limestone Township"
"41926","Loyalsock Township"
"41927","Lycoming Township"
"41928","Jersey Mills"
"41928","McHenry Township"
"41929","Ralston"
"41929","McIntyre Township"
"41930","McNett Township"
"41931","Mifflin Township"
"41932","Mill Creek Township"
"41933","Montgomery Borough"
"41934","Moreland Township"
"41935","Muncy Creek Township"
"41936","Muncy Township"
"41936","Pennsdale"
"41937","Nippenose Township"
"41937","Antes Fort"
"41938","Old Lycoming Township"
"41939","Penn Township"
"41940","Piatt Township"
"41941","Picture Rocks Borough"
"41942","Pine Township"
"41943","Plunketts Creek Township"
"41944","Porter Township"
"41945","Salladasburg Borough"
"41946","Shrewsbury Township"
"41947","Nisbet"
"41947","Susquehanna Township"
"41948","Upper Fairfield Township"
"41949","Washington Township"
"41950","Watson Township"
"41951","Wolf Township"
"41952","Linden"
"41952","Woodward Township"
"42001","Bradford"
"42802","Kane Borough"
"42803","Port Allegany Borough"
"42904","Annin Township"
"42904","Turtle Point"
"42905","Bradford Township"
"42905","Custer City"
"42906","Ceres Township"
"42907","Corydon Township"
"42908","Eldred Borough"
"42909","Eldred Township"
"42910","Rew"
"42910","Foster Township"
"42911","Ludlow"
"42911","Hamilton Township"
"42912","Hazel Hurst"
"42912","Hamlin Township"
"42913","Gifford"
"42913","Keating Township"
"42914","Lafayette Township"
"42915","Lewis Run Borough"
"42916","Liberty Township"
"42917","Mt. Jewett Borough"
"42918","Norwich Township"
"42919","Otto Township"
"42920","Sergeant"
"42921","Smethport Borough"
"42922","Wetmore Township"
"43001","Sharon"
"43002","Farrell"
"43803","Greenville Borough"
"43804","Grove City Borough"
"43805","Mercer Borough"
"43806","Sharpsville Borough"
"43907","Clark Borough"
"43908","Coolspring Township"
"43909","Deer Creek Township"
"43910","Delaware Township"
"43911","East Lackawannock Township"
"43912","Fairview Township"
"43913","Findley Township"
"43914","Fredonia Borough"
"43915","French Creek Township"
"43916","Greene Township"
"43917","Hempfield Township"
"43918","Hermitage"
"43919","Jackson Center Borough"
"43920","Jackson Township"
"43921","Jamestown Borough"
"43922","Jefferson Township"
"43923","Lackawannock Township"
"43924","Lake Township"
"43925","Liberty Township"
"43926","Mill Creek Township"
"43927","New Lebanon Borough"
"43928","New Vernon Township"
"43929","Otter Creek Township"
"43930","Hadley"
"43930","Perry Township"
"43930","Clarks Mills"
"43931","Pine Township"
"43932","Pymatuning Township"
"43932","Transfer"
"43933","Salem Township"
"43934","Sandy Creek Township"
"43935","Sandy Lake Borough"
"43936","Sandy Lake Township"
"43937","Sheakleyville Borough"
"43938","Shenango Township"
"43938","Bethel"
"43939","South Pymatuning Township"
"43940","Springfield Township"
"43941","Stoneboro Borough"
"43942","Sugar Grove Township"
"43943","West Middlesex Borough"
"43944","Shenango"
"43944","West Salem Township"
"43945","Wheatland Borough"
"43946","Wilmington Township"
"43947","Wolf Creek Township"
"43948","Worth Township"
"44001","Lewistown Borough"
"44802","Burnham Borough"
"44903","Milroy"
"44903","Armagh Township"
"44904","Bratton Township"
"44905","Reedsville"
"44905","Brown Township"
"44906","Decatur Township"
"44907","Yeagertown"
"44907","Derry Township"
"44908","Granville Township"
"44909","Kistler Borough"
"44910","McVeytown Borough"
"44911","Menno Township"
"44911","Allensville"
"44912","Newton Hamilton Borough"
"44913","Oliver Township"
"44914","Union Township"
"44914","Belleville"
"44915","Wayne Township"
"44916","Juniata Terrace Borough"
"45801","East Stroudsburg Borough"
"45802","Stroudsburg Borough"
"45903","Barrett Township"
"45904","Effort"
"45904","Chestnut Hill Township"
"45905","Coolbaugh Township"
"45906","Delaware Water Gap Borough"
"45907","Eldred Township"
"45908","Hamilton Township"
"45909","Reeders"
"45909","Tobyhanna Army Depot"
"45909","Jackson Township"
"45910","Middle Smithfield Township"
"45911","Mount Pocono Borough"
"45912","Paradise Township"
"45913","Pocono Township"
"45914","Polk Township"
"45915","Price Township"
"45916","Ross Township"
"45917","Smithfield Township"
"45917","Marshalls Creek"
"45918","Stroud Township"
"45919","Tobyhanna Township"
"45920","Tunkhannock Township"
"46001","Abington Township"
"46001","Meadowbrook"
"46002","Wynnewood"
"46002","Lower Merion Township"
"46002","Bala Cynwyd"
"46002","Haverford"
"46002","Rosemont"
"46002","Bryn Mawr"
"46003","Melrose Park"
"46003","Cheltenham Township"
"46003","Wyncote"
"46004","Norristown Borough"
"46005","Pottstown Borough"
"46006","Conshohocken Borough"
"46007","Lansdale Borough"
"46008","Springfield Township"
"46008","Wyndmoor"
"46008","Erdenheim"
"46008","Flourtown"
"46009","Willow Grove"
"46009","Upper Moreland Township"
"46810","Ambler Borough"
"46811","Bridgeport Borough"
"46812","Hatboro Borough"
"46813","Jenkintown Borough"
"46814","Narberth Borough"
"46815","North Wales Borough"
"46816","Rockledge Borough"
"46817","Royersford Borough"
"46818","Souderton Borough"
"46819","Telford Borough"
"46820","West Norriton Township"
"46820","Jeffersonville"
"46821","West Pottsgrove Township"
"46922","Bryn Athyn Borough"
"46923","Collegeville Borough"
"46924","Douglass Township"
"46924","Glenside"
"46924","Gilbertsville"
"46925","East Greenville Borough"
"46926","East Norriton Township"
"46926","Elkins Park"
"46927","Franconia Township"
"46927","Fort Washington"
"46928","Greenlane Borough"
"46929","Hatfield Borough"
"46930","Hatfield Township"
"46930","Colmar"
"46931","Huntingdon Valley"
"46931","Horsham Township"
"46932","Limerick Township"
"46932","Linfield"
"46933","Lower Frederick Township"
"46934","Lower Gwynedd Township"
"46934","Gwynedd Valley"
"46935","Lower Moreland Township"
"46936","Lower Pottsgrove Township"
"46937","Trooper"
"46937","Lower Providence Township"
"46937","Audubon"
"46937","Eagleville"
"46938","Lower Salford Township"
"46939","Marlborough Township"
"46940","Montgomery Township"
"46941","New Hanover Township"
"46942","Pennsburg Borough"
"46943","Graterford"
"46943","Perkiomen Township"
"46943","Rahns"
"46944","Plymouth Township"
"46944","Plymouth Meeting"
"46945","Red Hill Borough"
"46946","Salford Township"
"46947","Schwenksville Borough"
"46948","Skippack Township"
"46949","Towahencin Township"
"46950","Trappe Borough"
"46951","Upper Dublin Township"
"46952","Upper Frederick Township"
"46953","Spring House"
"46953","West Point"
"46953","Upper Gwynedd Township"
"46954","Palm"
"46954","Upper Hanover Township"
"46955","Upper Merion Township"
"46955","Swedeland"
"46955","King of Prussia"
"46956","Upper Pottsgrove Township"
"46957","Upper Providence Township"
"46957","Mont Clare"
"46958","Woxall"
"46958","Salford Borough"
"46958","Salfordville"
"46958","Upper Salford Township"
"46959","West Conshohocken Borough"
"46960","Lafayette Hill"
"46960","Whitemarsh Township"
"46961","Blue Bell"
"46961","Whitpain Township"
"46962","Worchester Township"
"46962","Cedars"
"47801","Danville Borough"
"47902","Exchange"
"47902","White Hall"
"47902","Anthony Township"
"47903","Cooper Township"
"47904","Derry Township"
"47905","Liberty Township"
"47906","Limestone Township"
"47907","Mahoning Township"
"47908","Mayberry Township"
"47909","Mausdale"
"47909","Valley Township"
"47910","Washingtonville Borough"
"47911","West Hemlock Township"
"48001","Bethlehem"
"48002","Avon Heights"
"48002","Easton"
"48803","Bangor Borough"
"48804","Hellertown Borough"
"48805","Nazareth Borough"
"48806","Northampton Borough"
"48807","North Catasauqua Borough"
"48808","Pen Argyl Borough"
"48809","Wilson Borough"
"48910","Allen Township"
"48911","Bath Borough"
"48912","Bethlehem Township"
"48913","Bushkill Township"
"48914","Chapman Borough"
"48915","East Allen Township"
"48916","East Bangor Borough"
"48917","Forks Township"
"48918","Freemansburg Borough"
"48919","Glendon Borough"
"48920","Hanover Township"
"48921","Lehigh Township"
"48921","Danielsville"
"48922","Lower Mt. Bethel Township"
"48922","Martins Creek"
"48923","Lower Nazareth Township"
"48924","Lower Saucon Township"
"48925","Moore Township"
"48926","Palmer Township"
"48927","Plainfield Township"
"48928","Portland Borough"
"48929","Roseto Borough"
"48930","Stockertown Borough"
"48931","Tatamy Borough"
"48932","North Bangor"
"48932","Upper Mt. Bethel Township"
"48933","Upper Nazareth Township"
"48933","Schoeneck"
"48934","Walnutport Borough"
"48935","Washington Township"
"48936","West Easton Borough"
"48937","Williams Township"
"48938","Wind Gap Borough"
"49001","Mt. Carmel Borough"
"49002","Shamokin"
"49003","Sunbury"
"49804","Kulpmont Borough"
"49805","Milton Borough"
"49806","Northumberland Borough"
"49807","Watsontown Borough"
"49909","Delaware Township"
"49910","East Cameron Township"
"49911","Pottsgrove"
"49911","East Chillisquaque Township"
"49912","Herndon Borough"
"49913","Jackson Township"
"49914","Jordan Township"
"49914","Urban"
"49915","Lewis Township"
"49916","Little Mahanoy Township"
"49916","Dornsife"
"49917","Lower Augusta Township"
"49918","Lower Mahanoy Township"
"49919","Marion Heights Borough"
"49920","McEwensville Borough"
"49921","Mt. Carmel Township"
"49922","Point Township"
"49923","Ralpho Township"
"49923","Elysburg"
"49924","Riverside Borough"
"49925","Rockefeller Township"
"49926","Rush Township"
"49927","Shamokin Township"
"49927","Paxinos"
"49928","Snydertown Borough"
"49929","Turbotville Borough"
"49930","Turbet Township"
"49931","Upper Augusta Township"
"49932","Rebuck"
"49932","Leck Kill"
"49932","Upper Mahanoy Township"
"49933","Washington Township"
"49934","West Cameron Township"
"49935","West Chillisquaque Township"
"49935","Montandon"
"49936","Zerbe Township"
"49936","Trevorton"
"50801","Marysville Borough"
"50902","Blain Borough"
"50903","Bloomfield Borough"
"50903","New Bloomfield"
"50904","Buffalo Township"
"50905","Carroll Township"
"50906","Center Township"
"50907","Duncannon Borough"
"50908","Greenwood Township"
"50909","Howe Township"
"50910","Jackson Township"
"50911","Juniata Township"
"50912","Landisburg Borough"
"50913","Liverpool Borough"
"50914","Liverpool Township"
"50915","Miller Township"
"50916","Millerstown Borough"
"50917","New Buffalo Borough"
"50918","Newport Borough"
"50919","North East Madison Township"
"50920","Oliver Township"
"50921","Penn Township"
"50922","Rye Township"
"50923","Ickesburg"
"50923","Saville Township"
"50924","South West Madison Township"
"50925","Alinda"
"50925","Elliottsburg"
"50925","Spring Township"
"50926","Toboyne Township"
"50927","Tuscarora Township"
"50928","Loysville"
"50928","Tyrone Township"
"50929","Watts Township"
"50930","Wheatfield Township"
"51001","Philadelphia City"
"52901","Lords Valley"
"52901","Blooming Grove Township"
"52902","Delaware Township"
"52903","Dingmans Ferry"
"52903","Dingman Township"
"52904","Greene Township"
"52904","Greentown"
"52905","Lackawaxen Township"
"52906","Bushkill"
"52906","Lehman Township"
"52907","Matamoras Borough"
"52908","Milford Borough"
"52909","Milford Township"
"52910","Palmyra Township"
"52911","Porter Township"
"52912","Shohola Township"
"52913","Westfall Township"
"53801","Coudersport Borough"
"53902","Abbott Township"
"53903","Allegany Township"
"53904","Austin Borough"
"53905","Bingham Township"
"53905","West Bingham"
"53906","Clara Township"
"53907","Eulalia Township"
"53908","Galeton Borough"
"53909","Genesee Township"
"53910","Mills"
"53910","Harrison Township"
"53911","Coneville"
"53911","Hebron Township"
"53912","Hector Township"
"53913","Homer Township"
"53914","Keating Township"
"53915","Ulysses Borough"
"53916","Oswayo Borough"
"53917","Oswayo Township"
"53918","Pike Township"
"53919","Pleasant Valley Township"
"53920","Portage Township"
"53921","Roulette Township"
"53922","Sharon Township"
"53923","Shinglehouse Borough"
"53924","Cross Fork"
"53924","Stewardson Township"
"53925","Summit Township"
"53926","Sweden Valley"
"53926","Sweden Township"
"53927","Sylvania Township"
"53928","Ulysses Township"
"53929","West Branch Township"
"53930","Wharton Township"
"54001","Pottsville"
"54002","Shenandoah Borough"
"54003","Tamaqua Borough"
"54804","Ashland Borough"
"54805","Coaldale Borough"
"54806","Frackville Borough"
"54807","Girardville Borough"
"54808","Mahanoy City Borough"
"54809","McAdoo Borough"
"54810","Minersville Borough"
"54811","Port Carbon Borough"
"54812","Schuylkill Haven Borough"
"54813","St. Clair Borough"
"54914","Auburn Borough"
"54915","Barry Township"
"54916","Blythe Township"
"54917","Branch Township"
"54918","Butler Township"
"54919","Cass Township"
"54920","Cressona Borough"
"54921","Deer Lake Borough"
"54922","Delano Township"
"54923","East Brunswick Township"
"54924","East Mines"
"54924","East Norwegian Township"
"54925","East Union Township"
"54926","Pitman"
"54926","Eldred Township"
"54927","Foster Township"
"54928","Donaldson"
"54928","Frailey Township"
"54929","Gilberton Borough"
"54930","Gordon Borough"
"54931","Hegins Township"
"54931","Valley View"
"54932","Hubley Township"
"54933","Kelayres"
"54933","Kline Township"
"54934","Landingville Borough"
"54935","Mahanoy Township"
"54936","Mechanicsville Borough"
"54937","Middleport Borough"
"54938","Mt. Carbon Borough"
"54939","New Castle Township"
"54940","New Philadelphia Borough"
"54941","New Ringgold Borough"
"54942","North Manheim Township"
"54943","Nuremberg"
"54943","North Union Township"
"54944","Norwegian Township"
"54945","Orwigsburg Borough"
"54946","Palo Alto Borough"
"54947","Pine Grove Borough"
"54948","Pine Grove Township"
"54949","Port Clinton Borough"
"54950","Porter Township"
"54952","Zerbe"
"54952","Reilly Township"
"54953","Ringtown Borough"
"54954","Barnesville"
"54954","Rush Township"
"54955","Ryan Township"
"54956","Schuylkill Township"
"54957","South Manheim Township"
"54958","Tower City Borough"
"54959","Tremont Borough"
"54960","Tremont Township"
"54961","Union Township"
"54962","Klingerstown"
"54962","Upper Mahantango Township"
"54963","Walker Township"
"54964","Washington Township"
"54965","Summit Station"
"54965","Wayne Township"
"54966","West Brunswick Township"
"54967","West Mahanoy Township"
"54968","West Penn Township"
"55801","Selinsgrove Borough"
"55902","Adams Township"
"55902","Troxelville"
"55903","Beaver Township"
"55904","Beavertown Borough"
"55905","Center Township"
"55905","Penns Creek"
"55906","Chapman Township"
"55907","Franklin Township"
"55908","Freeburg Borough"
"55909","Jackson Township"
"55910","Middleburg Borough"
"55911","Middlecreek Township"
"55911","Kreamer"
"55912","Monroe Township"
"55912","Hummels Wharf"
"55913","Salem"
"55913","Penn Township"
"55914","Perry Township"
"55915","Shamokin Dam Borough"
"55916","Beaver Springs"
"55916","Spring Township"
"55917","Union Township"
"55918","Washington Township"
"55919","West Beaver Township"
"55920","West Perry Township"
"55921","McClure Borough"
"56801","Meyersdale Borough"
"56802","Somerset Borough"
"56803","Windber Borough"
"56904","Addison Borough"
"56905","Addison Township"
"56906","Allegheny Township"
"56907","Benson Borough"
"56908","Berlin Borough"
"56909","Black Township"
"56910","Boswell Borough"
"56911","Brothersvalley Township"
"56912","Casselman Borough"
"56913","Central City Borough"
"56914","Jerome"
"56914","Davidsville"
"56914","Conemaugh Township"
"56914","Tire Hill"
"56914","Holsopple"
"56915","Confluence Borough"
"56916","Elk Lick Township"
"56916","Boynton"
"56917","Fairhope Township"
"56918","Garrett Borough"
"56919","Greenville Township"
"56920","Hooversville Borough"
"56921","Jefferson Township"
"56922","Jenner Township"
"56923","Jennerstown Borough"
"56924","Larimer Township"
"56925","Lincoln Township"
"56926","Lower Turkeyfoot Township"
"56927","Middlecreek Township"
"56928","Milford Township"
"56929","New Baltimore Borough"
"56930","New Centreville Borough"
"56931","Northampton Township"
"56932","Ogle Township"
"56933","Paint Borough"
"56934","Paint Township"
"56935","Quemahoning Township"
"56935","Kantner"
"56936","Rockwood Borough"
"56937","Salisbury Borough"
"56938","Rockingham"
"56938","Shade Township"
"56938","Wilbur"
"56939","Shanksville Borough"
"56940","Somerset Township"
"56941","Southampton Township"
"56942","Stonycreek Township"
"56943","Stoystown Borough"
"56944","Summit Township"
"56945","Markleton"
"56945","Upper Turkeyfoot Township"
"56946","Ursina Borough"
"56947","Wellersburg Borough"
"56948","Seven Springs Borough"
"56949","Indian Lake Borough"
"56950","Callimont Borough"
"57901","Mildred"
"57901","Cherry Township"
"57902","Lopez"
"57902","Colley Township"
"57903","Sonestown"
"57903","Davidson Township"
"57904","Dushore Borough"
"57905","Eagles Mere Borough"
"57906","Estella"
"57906","Elkland Township"
"57907","Forks Township"
"57908","Forksville Borough"
"57909","Shunk"
"57909","Fox Township"
"57910","Hillsgrove Township"
"57911","Laporte Borough"
"57912","Laporte Township"
"57913","Shrewsbury Township"
"58801","Forest City Borough"
"58802","Susquehanna Depot Borough"
"58903","Apolacon Township"
"58904","Ararat Township"
"58905","Auburn Township"
"58906","South Montrose"
"58906","Bridgewater Township"
"58907","Brooklyn Township"
"58908","Choconut Township"
"58909","Clifford Township"
"58910","Elk Lick"
"58910","Dimock Township"
"58911","Forest Lake Township"
"58912","Franklin Township"
"58913","Friendsville Borough"
"58914","Gibson Township"
"58915","Great Bend Borough"
"58916","Great Bend Township"
"58917","Hallstead Borough"
"58918","Harford Township"
"58918","Kingsley"
"58919","Harmony Township"
"58920","Herrick Township"
"58921","Hop Bottom Borough"
"58922","Jackson Township"
"58923","Jessup Township"
"58924","Lanesboro Borough"
"58925","Lathrop Township"
"58926","Lenox Township"
"58927","Liberty Township"
"58928","Little Meadows Borough"
"58929","Middletown Township"
"58930","Montrose Borough"
"58931","New Milford Borough"
"58932","New Milford Township"
"58933","Oakland Borough"
"58934","Oakland Township"
"58935","Rushville"
"58935","Lawton"
"58935","Rush Township"
"58936","Brackney"
"58936","Silver Lake Township"
"58937","Springville Township"
"58938","Thompson Borough"
"58939","Thompson Township"
"58940","Uniondale Borough"
"59801","Mansfield Borough"
"59802","Wellsboro Borough"
"59903","Bloss Township"
"59904","Blossburg Borough"
"59905","Brookfield Township"
"59906","Charleston Township"
"59907","Chatham Township"
"59907","Little Marsh"
"59908","Covington"
"59908","Clymer Township"
"59909","Covington Township"
"59910","Deerfield Township"
"59911","Delmar Township"
"59912","Duncan Township"
"59913","Elk Township"
"59914","Elkland Borough"
"59915","Elkland Township"
"59916","Farmington Township"
"59917","Gaines Township"
"59918","Morris Run"
"59918","Hamilton Township"
"59919","Millerton"
"59919","Daggett"
"59919","Jackson Township"
"59920","Knoxville Borough"
"59921","Lawrence Township"
"59922","Lawrenceville Borough"
"59923","Liberty Borough"
"59924","Liberty Township"
"59925","Middlebury Township"
"59926","Morris Township"
"59927","Nelson Township"
"59928","Osceola Township"
"59929","Putnam Township"
"59930","Richmond Township"
"59931","Rutland"
"59931","Roseville Borough"
"59932","Rutland Township"
"59933","Shippen Township"
"59934","Sullivan Township"
"59935","Tioga Borough"
"59936","Tioga Township"
"59937","Union Township"
"59938","Ward Township"
"59939","Westfield Borough"
"59940","Westfield Township"
"60801","Lewisburg Borough"
"60802","Mifflinburg Borough"
"60903","Vickesburg"
"60903","Buffalo Township"
"60904","East Buffalo Township"
"60905","Allenwood"
"60905","Gregg Township"
"60906","Harleton Borough"
"60907","Hartley Township"
"60907","Laurelton"
"60908","Kelly Township"
"60909","Millmont"
"60909","Lewis Township"
"60910","Limestone Township"
"60911","New Berlin Borough"
"60912","Winfield"
"60912","Union Township"
"60913","West Buffalo Township"
"60914","White Deer Township"
"60914","New Columbia"
"61001","Oil City"
"61802","Franklin"
"61803","Polk Borough"
"61904","Allegheny Township"
"61905","Canal Township"
"61906","Cherrytree Township"
"61907","Clinton Township"
"61908","Clintonville Borough"
"61909","Cooperstown Borough"
"61910","Cornplanter Township"
"61911","Cranberry Township"
"61911","Seneca"
"61912","Emlenton Borough"
"61913","French Creek Township"
"61913","Nicklin"
"61914","Irwin Township"
"61915","Jackson Township"
"61916","Mineral Township"
"61917","Oakland Township"
"61918","Oil Creek Township"
"61919","Venus"
"61919","Pinegrove Township"
"61920","Pleasantville Borough"
"61921","Plum Township"
"61922","President Township"
"61923","Richland Township"
"61924","Kennerdell"
"61924","Rockland Township"
"61925","Rouseville Borough"
"61926","Sandy Creek Township"
"61927","Scrubgrass Township"
"61928","Reno"
"61928","Sugarcreek Township"
"61929","Utica Borough"
"61930","Victory Township"
"61931","Barkeyville Borough"
"62001","Warren Borough"
"62902","Bear Lake Borough"
"62903","Brokenstraw Township"
"62903","Irvine"
"62904","Cherry Grove Township"
"62905","Clarendon Borough"
"62906","Columbus Township"
"62907","North Warren"
"62907","Conewango Township"
"62910","Deerfield Township"
"62911","Eldred Township"
"62912","Elk Township"
"62913","Farmington Township"
"62913","Lander"
"62914","Freehold Township"
"62915","Glade Township"
"62917","Limestone Township"
"62918","Mead Township"
"62919","Russell"
"62919","Pine Grove Township"
"62920","Pittsfield Township"
"62921","Pleasant Township"
"62922","Sheffield Township"
"62923","Southwest Township"
"62924","Spring Creek Township"
"62925","Sugar Grove Borough"
"62926","Chandlers Valley"
"62926","Sugar Grove Township"
"62927","Tidioute Borough"
"62928","Triumph Township"
"62929","Watson Township"
"62930","Youngsville Borough"
"63001","Canonsburg Borough"
"63002","Donora Borough"
"63003","Washington"
"63804","Bentleyville Borough"
"63805","California Borough"
"63806","Centerville Borough"
"63807","Charleroi Borough"
"63808","East Washington Borough"
"63809","McDonald Borough"
"63810","Monongahela"
"63811","New Eagle Borough"
"63912","Allenport Borough"
"63913","Amwell Township"
"63914","Beallsville Borough"
"63915","Blaine Township"
"63916","Buffalo Township"
"63917","Burgettstown Borough"
"63918","Canton Township"
"63919","Carroll Township"
"63920","Cecil Township"
"63921","Chartiers Township"
"63922","Claysville Borough"
"63923","Coal Center Borough"
"63924","Coakeburg Borough"
"63925","Cross Creek Township"
"63926","Deemston Borough"
"63927","Donegal Township"
"63928","Dunlevy Borough"
"63929","East Bethlehem Township"
"63930","East Finley Township"
"63931","Elco Borough"
"63932","Ellsworth Borough"
"63933","Fallowfield Township"
"63934","Finleyville Borough"
"63935","Hanover Township"
"63936","Hopewell Township"
"63937","Houston Borough"
"63938","Independence Township"
"63939","Jefferson Township"
"63940","Long Branch Borough"
"63941","Marianna Borough"
"63942","Midway Borough"
"63943","Morris Township"
"63944","Mt. Pleasant Township"
"63945","North Bethlehem Township"
"63946","North Charleroi Boroug"
"63947","North Franklin Township"
"63948","North Strabane Township"
"63949","Nottingham Township"
"63950","Peters Township"
"63951","Robinson Township"
"63952","Roscoe Borough"
"63953","Smith Township"
"63954","Somerset Township"
"63955","South Franklin Township"
"63956","South Strabane Township"
"63957","Speers Borough"
"63958","Stockdale Borough"
"63959","Twilight Borough"
"63960","Union Township"
"63961","West Alexander Borough"
"63962","West Bethlehem Township"
"63963","West Brownsville Borough"
"63964","West Finley Township"
"63965","West Middletown Borough"
"63966","West Pike Run Township"
"63967","Green Hills Borough"
"64801","Honesdale Borough"
"64902","Berlin Township"
"64902","Beach Lake"
"64903","Bethany Borough"
"64904","Buckingham Township"
"64905","Canaan Township"
"64906","Cherry Ridge Township"
"64907","Clinton Township"
"64908","Damascus Township"
"64909","Newfoundland"
"64909","Dreher Township"
"64910","Dyberry Township"
"64911","Hawley Borough"
"64912","Lake Township"
"64912","Maplewood"
"64912","Lake Ariel"
"64913","Lebanon Township"
"64914","Gouldsboro"
"64914","Lehigh Township"
"64915","Equinunk"
"64915","Manchester Township"
"64916","Pleasant Mount"
"64916","Mt. Pleasant Township"
"64917","Oregon Township"
"64917","Torpedo"
"64918","Palmyra Township"
"64919","Paupack Township"
"64920","Preston Township"
"64921","Prompton Borough"
"64922","Hamlin"
"64922","Salem Township"
"64923","Scott Township"
"64924","South Canaan Township"
"64925","Starrucca Borough"
"64926","Sterling Township"
"64927","Texas Township"
"64927","White Mills"
"64928","Waymart Borough"
"65001","Hempfield Township"
"65002","Greensburg"
"65003","Jeannette"
"65004","Latrobe Borough"
"65005","Lower Burrell"
"65006","Monessen"
"65007","New Kensington"
"65008","North Huntingdon Township"
"65809","Arnold"
"65810","Derry Borough"
"65811","Irwin Borough"
"65812","Mt. Pleasant Borough"
"65813","North Belle Vernon Borough"
"65814","Scottdale Borough"
"65815","South Greensburg Borough"
"65816","South West Greensburg Borough"
"65817","Trafford Borough"
"65818","Vandergrift Borough"
"65819","West Newton Borough"
"65820","Youngwood Borough"
"65921","Adamsburg Borough"
"65922","Allegheny Township"
"65923","Arona Borough"
"65924","Avonmore Borough"
"65925","Bell Township"
"65926","Bolivar Borough"
"65927","Cook Township"
"65928","Derry Township"
"65929","Donegal Borough"
"65930","Donegal Township"
"65931","East Huntingdon Township"
"65932","East Vandergrift Borough"
"65933","Export Borough"
"65934","Fairfield Township"
"65935","Franklin Township"
"65936","Hunker Borough"
"65937","Hyde Park Borough"
"65938","Ligonier Borough"
"65939","Ligonier Township"
"65940","Loyalhanna Township"
"65941","Madison Borough"
"65942","Manor Borough"
"65943","Mt. Pleasant Township"
"65944","New Alexandria Borough"
"65945","New Florence Borough"
"65946","Delmont Borough"
"65947","North Irwin Borough"
"65948","Oklahoma Borough"
"65949","Penn Borough"
"65950","Penn Township"
"65951","Rostraver Township"
"65952","Salem Township"
"65953","Seward Borough"
"65954","Sewickley Township"
"65955","Smithton Borough"
"65956","South Huntingdon Township"
"65957","St. Clair Township"
"65958","Suterville Borough"
"65959","Unity Township"
"65960","Upper Burrell Township"
"65961","Washington Township"
"65962","West Leechburg Borough"
"65963","Youngstown Borough"
"65964","New Stanton Borough"
"66901","Skinners Eddy"
"66901","Braintrim Township"
"66902","Clinton Township"
"66903","Eaton Township"
"66904","Exeter Township"
"66905","Factoryville Borough"
"66906","Falls Township"
"66906","Mill City"
"66907","Forkston Township"
"66908","Laceyville Borough"
"66909","Lemon Township"
"66909","Lake Carey"
"66910","Mehoopany Township"
"66911","Meshoppen Borough"
"66912","Meshoppen Township"
"66913","Monroe Township"
"66914","Nicholson Borough"
"66915","Nicholson Township"
"66916","North Branch Township"
"66917","Northmoreland Township"
"66917","Center Moreland"
"66918","Noxen Township"
"66919","Overfield Township"
"66920","Tunkhannock Borough"
"66921","Tunkhannock Township"
"66922","Washington Township"
"66923","Windham Township"
"67001","York"
"67002","Hanover Borough"
"67003","Spring Garden Township"
"67804","Dallastown Borough"
"67805","Red Lion Borough"
"67806","West York Borough"
"67907","Carroll Township"
"67908","Brogue"
"67908","Chanceford Township"
"67909","Codorus Township"
"67910","Conewago Township"
"67911","Cross Roads Borough"
"67912","Delta Borough"
"67913","Dillsburg Borough"
"67914","Dover Borough"
"67915","Dover Township"
"67915","Weiglestown"
"67916","East Hopewell Township"
"67917","East Manchester Township"
"67918","East Prospect Borough"
"67919","Fairview Township"
"67920","Fawn Grove Borough"
"67921","New Park"
"67921","Fawn Township"
"67922","Felton Borough"
"67923","Franklin Township"
"67924","Franklintown Borough"
"67925","Glen Rock Borough"
"67926","Goldsboro Borough"
"67927","Hallam Borough"
"67928","Heidelberg Township"
"67929","Hellam Township"
"67930","Hopewell Township"
"67931","Jackson Township"
"67932","Jacobus Borough"
"67933","Jefferson Borough"
"67934","Lewisberry Borough"
"67935","Loganville Borough"
"67936","Lower Chanceford Township"
"67937","Craley"
"67937","Lower Windsor Township"
"67938","Manchester Borough"
"67939","Emigsville"
"67939","Manchester Township"
"67940","Manheim Township"
"67941","Monoghan Township"
"67942","Mt. Wolf Borough"
"67943","New Freedom Borough"
"67944","New Salem Borough"
"67945","Newberry Township"
"67946","North Codorus Township"
"67947","North Hopewell Township"
"67948","North York Borough"
"67949","Paradise Towship"
"67950","Peach Bottom Township"
"67951","Penn Township"
"67952","Railroad Borough"
"67953","Seven Valleys Borough"
"67954","Shrewsbury Borough"
"67955","Shrewsbury Township"
"67956","Spring Grove Borough"
"67957","Springettsbury Township"
"67958","Springfield Township"
"67959","Stewartstown Borough"
"67960","Rossville"
"67960","Warrington Township"
"67961","Washington Township"
"67962","Wellsville Borough"
"67963","Shiloh"
"67963","West Manchester"
"67964","West Manheim"
"67965","Windsor Borough"
"67966","Windsor Township"
"67967","Winterstown"
"67968","Wrightsville"
"67969","Yoe Borough"
"67970","York Haven Borough"
"67971","Spry"
"67971","York Township"
"67972","Yorkana Borough"
"70001","State of Delaware"
"70002","State of Maryland"
"70003","State of New Jersey"
"70004","State of New York"
"70005","State of Ohio"
"70006","State of West Virginia"
